Serviço,Categoria do serviço,Tipo de animal,Preço,Quantidade vendida,Idade do cliente,Mês da compra,Método de pagamento,Valor total da compra
Banho,Higiene,Cão,"€25,00",2,35,Janeiro,Cartão,"€50,00"
Banho,Higiene,Cão,"€25,00",2,35,Janeiro,Cartão,"€50,00"
Consulta,Saúde,Gato,"€50,00",1,29,Janeiro,MB Way,"€50,00"
Tosa,Higiene,Cão,"€30,00",1,42,Fevereiro,MB Way,30
Hotel,Hospedagem,Cão,"€50,00",2,37,Fevereiro,Cartão,"€100,00"
Consulta,Saúde,Gato,"€40,00",1,trinta e dois,3,Transferência,"€40,00"
Banho,Higiene,Cão,"€30,00",4,28,Março,Cartão,"€120,00"
Banho,Higiene,Cão,,,28,Abril,Cartão,
Hotel,Hospedagem,Cão,"€60,00",3,50,Abril,Cartão,"€180,00"
Consulta,Saúde,Gato,"€45,00",1,33,Maio,MB Way,"€45,00"
Banho,Higiene,Cão,"€30,00",6,31,Maio,Cartão,"€180,00"
Tosa,Higiene,Cão,"€30,00",1,45,Junho,MB Way,"€90,00"
Hotel,Hospedagem,Cão,"€60,00",3,39,Junho,Cartão,"€180,00"
Consulta,Saúde,Gato,"€40,00",1,150,Julho,Cartão,"€40,00"
Hotel,Hospedagem,Cão,"€60,00",4,44,Julho,Cartão,"€240,00"
Banho,Higiene,Cão,"€25,00",3,30,8,MB Way,"€75,00"
Hotel,Hospedagem,Cão,"€75,00",3,52,Agosto,Cartão,"€225,00"
Tosa,Higiene,Cão,"€25,00",2,41,Setembro,Cartão,"€50,00"
Hotel,Hospedagem,Cão,"€85,00",3,36,Setembro,Cartão,"€255,00"
Consulta,Saúde,Gato,"€60,00",1,27,Outubro,MB Way,"€60,00"
Hotel,Hospedagem,Cão,"€90,00",3,48,Outubro,Cartão,"€270,00"
Banho,Higiene,Cão,"€30,00",3,34,Novembro,Cartão,"€90,00"
Hotel,Hospedagem,Cão,"€95,00",3,55,Novembro,Cartão,"€285,00"
Consulta,Saúde,Gato,"€65,00",1,31,Dezembro,MB Way,"€65,00"
Hotel,Hospedagem,Cão,"€100,00",3,58,Dezembro,Cartão,"€300,00"
